{
  "portfolio": {
    "BTCUSDT": {
      "position": 0.008809929684468573,
      "free": 0.008809929684468573
    },
    "ETHUSDT": {
      "position": 0.0,
      "free": 0.0
    },
    "USDT": {
      "free": 18998.999999999996
    },
    "total": 19999.212651703714,
    "peak_value": 20000.0,
    "total_fees": 1.0
  },
  "peak_value": 20000.0,
  "total_fees": 1.0,
  "mode": "live",
  "initial_balance": 3000.0,
  "symbols": [
    "BTCUSDT",
    "ETHUSDT"
  ],
  "timestamp": "2025-09-24T21:06:20.852220",
  "version": "1.0"
}