{
  "portfolio": {
    "BTCUSDT": {
      "position": 0.0016834902410650186,
      "free": 0.0016834902410650186
    },
    "ETHUSDT": {
      "position": 0.003713048949434288,
      "free": 0.003713048949434288
    },
    "USDT": {
      "free": 2792.4453674876368
    },
    "total": 2999.181642754129,
    "peak_value": 3000.0,
    "total_fees": 5.103740797463782
  },
  "peak_value": 3000.0,
  "total_fees": 5.103740797463782,
  "mode": "live",
  "initial_balance": 3000.0,
  "symbols": [
    "BTCUSDT",
    "ETHUSDT"
  ],
  "timestamp": "2025-09-24T20:53:02.919857",
  "version": "1.0"
}