{
  "portfolio": {
    "BTCUSDT": {
      "position": 0.011454351889072486,
      "free": 0.011454351889072486
    },
    "ETHUSDT": {
      "position": 0.32571454248086196,
      "free": 0.32571454248086196
    },
    "USDT": {
      "free": 344.25105956606853
    },
    "total": 2998.4857519461775,
    "peak_value": 3000.0,
    "total_fees": 2.6530958445893424
  },
  "peak_value": 3000.0,
  "total_fees": 2.6530958445893424,
  "mode": "live",
  "initial_balance": 3000.0,
  "symbols": [
    "BTCUSDT",
    "ETHUSDT"
  ],
  "timestamp": "2025-09-24T20:45:05.407424",
  "version": "1.0"
}